Product Name,Rating,Customers_Rated,Price,URL
Men's First Running Shoes,3.9 out of 5 stars,11712,1099.0,https://www.amazon.in/Campus-First-B-ORG-Running-Shoes/dp/B0915DCZDJ/ref=sr_1_38?dib=eyJ2IjoiMSJ9.xhpK4VjWT4tWltNrYq_dCEXU57OPG80YD04jurVJY8UYTxmjHN55T_Dwf86Z2FPI8aH3euv7R6rn9nleQEV2SvGRkaGAs5KMZG5vr2UKWPncsMH9T7WnKaeVhomL72TyGjR1NyQxjXFaCQzj23yA2rq3qmPJo1zn_Gy2O8fdyyHK2fxdhpB4ZgjXyRvzJF4rY4p9oa-B91yogzEvgca2odlu4QRAdj33b7IjtfOYcTIR770fJ4XeSmFBQB5F-3R03jJTmKlP1csk1NJE9Tuhh1cMkjGEXqRdUv34hTQo43g.mv33-6NyTI1-yVPj6U_nS_TgAjRy9N4kdTRJTu3vV_w&dib_tag=se&keywords=shoe&qid=1713166441&sr=8-38
Flash Shoe Badminton Shoes for Men,4.0 out of 5 stars,11626,1059.0,https://www.amazon.in/Nivia-Badminton-Synthetic-Leather-Volleyball/dp/B0C2Z3KP8W/ref=sr_1_33?dib=eyJ2IjoiMSJ9.xhpK4VjWT4tWltNrYq_dCEXU57OPG80YD04jurVJY8UYTxmjHN55T_Dwf86Z2FPI8aH3euv7R6rn9nleQEV2SvGRkaGAs5KMZG5vr2UKWPncsMH9T7WnKaeVhomL72TyGjR1NyQxjXFaCQzj23yA2rq3qmPJo1zn_Gy2O8fdyyHK2fxdhpB4ZgjXyRvzJF4rY4p9oa-B91yogzEvgca2odlu4QRAdj33b7IjtfOYcTIR770fJ4XeSmFBQB5F-3R03jJTmKlP1csk1NJE9Tuhh1cMkjGEXqRdUv34hTQo43g.mv33-6NyTI1-yVPj6U_nS_TgAjRy9N4kdTRJTu3vV_w&dib_tag=se&keywords=shoe&qid=1713166441&sr=8-33
Men's North Plus Running Shoes,3.9 out of 5 stars,10804,1099.0,https://www.amazon.in/Campus-11G-677-Black-North-Running/dp/B08PRXXQB3/ref=sr_1_13?dib=eyJ2IjoiMSJ9.xhpK4VjWT4tWltNrYq_dCEXU57OPG80YD04jurVJY8UYTxmjHN55T_Dwf86Z2FPI8aH3euv7R6rn9nleQEV2SvGRkaGAs5KMZG5vr2UKWPncsMH9T7WnKaeVhomL72TyGjR1NyQxjXFaCQzj23yA2rq3qmPJo1zn_Gy2O8fdyyHK2fxdhpB4ZgjXyRvzJF4rY4p9oa-B91yogzEvgca2odlu4QRAdj33b7IjtfOYcTIR770fJ4XeSmFBQB5F-3R03jJTmKlP1csk1NJE9Tuhh1cMkjGEXqRdUv34hTQo43g.mv33-6NyTI1-yVPj6U_nS_TgAjRy9N4kdTRJTu3vV_w&dib_tag=se&keywords=shoe&qid=1713166441&sr=8-13
Men's Wonder-13 Sports Running Shoes…,3.9 out of 5 stars,96941,595.0,https://www.amazon.in/b?ie=UTF8&node=26142350031&pd_rd_w=dGMzJ&content-id=amzn1.sym.c53e2da8-41ee-4791-a941-bd2e6cc1a267:amzn1.sym.c53e2da8-41ee-4791-a941-bd2e6cc1a267&pf_rd_p=c53e2da8-41ee-4791-a941-bd2e6cc1a267&pf_rd_r=CVYTDNGCHGEGZNJRZCBK&pd_rd_wg=ibcBV&pd_rd_r=63dac754-c1f1-4c5d-bf15-c0ab27f22792&qid=1713166441&ref_=sxts_spks_0_0_c53e2da8-41ee-4791-a941-bd2e6cc1a267
Men's Wonder-13 Sports Running Shoes…,3.9 out of 5 stars,96941,595.0,https://www.amazon.in/Wonder-Firozi-Sports-Shoes-Indian/dp/B01N66F4CH/ref=sr_1_1?dib=eyJ2IjoiMSJ9.xhpK4VjWT4tWltNrYq_dCEXU57OPG80YD04jurVJY8UYTxmjHN55T_Dwf86Z2FPI8aH3euv7R6rn9nleQEV2SvGRkaGAs5KMZG5vr2UKWPncsMH9T7WnKaeVhomL72TyGjR1NyQxjXFaCQzj23yA2rq3qmPJo1zn_Gy2O8fdyyHK2fxdhpB4ZgjXyRvzJF4rY4p9oa-B91yogzEvgca2odlu4QRAdj33b7IjtfOYcTIR770fJ4XeSmFBQB5F-3R03jJTmKlP1csk1NJE9Tuhh1cMkjGEXqRdUv34hTQo43g.mv33-6NyTI1-yVPj6U_nS_TgAjRy9N4kdTRJTu3vV_w&dib_tag=se&keywords=shoe&qid=1713166441&sr=8-1
Casual Sneaker Shoes for Men | Stylish and Comfortable,4.0 out of 5 stars,1083,1119.0,https://www.amazon.in/Red-Tape-Mens-White-Sneakers/dp/B0CG66FPS6/ref=sr_1_2?dib=eyJ2IjoiMSJ9.xhpK4VjWT4tWltNrYq_dCEXU57OPG80YD04jurVJY8UYTxmjHN55T_Dwf86Z2FPI8aH3euv7R6rn9nleQEV2SvGRkaGAs5KMZG5vr2UKWPncsMH9T7WnKaeVhomL72TyGjR1NyQxjXFaCQzj23yA2rq3qmPJo1zn_Gy2O8fdyyHK2fxdhpB4ZgjXyRvzJF4rY4p9oa-B91yogzEvgca2odlu4QRAdj33b7IjtfOYcTIR770fJ4XeSmFBQB5F-3R03jJTmKlP1csk1NJE9Tuhh1cMkjGEXqRdUv34hTQo43g.mv33-6NyTI1-yVPj6U_nS_TgAjRy9N4kdTRJTu3vV_w&dib_tag=se&keywords=shoe&qid=1713166441&sr=8-2
Mens Boss-Grip Uniform Dress Shoe,3.7 out of 5 stars,5440,734.0,https://www.amazon.in/BATA-BOSS-Grip-Brown-Uniform-8216033/dp/B096BGFYRQ/ref=sr_1_3?dib=eyJ2IjoiMSJ9.xhpK4VjWT4tWltNrYq_dCEXU57OPG80YD04jurVJY8UYTxmjHN55T_Dwf86Z2FPI8aH3euv7R6rn9nleQEV2SvGRkaGAs5KMZG5vr2UKWPncsMH9T7WnKaeVhomL72TyGjR1NyQxjXFaCQzj23yA2rq3qmPJo1zn_Gy2O8fdyyHK2fxdhpB4ZgjXyRvzJF4rY4p9oa-B91yogzEvgca2odlu4QRAdj33b7IjtfOYcTIR770fJ4XeSmFBQB5F-3R03jJTmKlP1csk1NJE9Tuhh1cMkjGEXqRdUv34hTQo43g.mv33-6NyTI1-yVPj6U_nS_TgAjRy9N4kdTRJTu3vV_w&dib_tag=se&keywords=shoe&qid=1713166441&sr=8-3
Force 10 Sports Shoes for Men,3.7 out of 5 stars,688,588.0,https://www.amazon.in/Liberty-Force-Sports-Shoes-Mens/dp/B0BJ78MDRQ/ref=sr_1_4?dib=eyJ2IjoiMSJ9.xhpK4VjWT4tWltNrYq_dCEXU57OPG80YD04jurVJY8UYTxmjHN55T_Dwf86Z2FPI8aH3euv7R6rn9nleQEV2SvGRkaGAs5KMZG5vr2UKWPncsMH9T7WnKaeVhomL72TyGjR1NyQxjXFaCQzj23yA2rq3qmPJo1zn_Gy2O8fdyyHK2fxdhpB4ZgjXyRvzJF4rY4p9oa-B91yogzEvgca2odlu4QRAdj33b7IjtfOYcTIR770fJ4XeSmFBQB5F-3R03jJTmKlP1csk1NJE9Tuhh1cMkjGEXqRdUv34hTQo43g.mv33-6NyTI1-yVPj6U_nS_TgAjRy9N4kdTRJTu3vV_w&dib_tag=se&keywords=shoe&qid=1713166441&sr=8-4
Mens Ignite ProRunning Shoes,3.9 out of 5 stars,2712,584.0,https://www.amazon.in/Campus-Ignite-PRO-Running-Shoes/dp/B09VH53R5R/ref=sr_1_5?dib=eyJ2IjoiMSJ9.xhpK4VjWT4tWltNrYq_dCEXU57OPG80YD04jurVJY8UYTxmjHN55T_Dwf86Z2FPI8aH3euv7R6rn9nleQEV2SvGRkaGAs5KMZG5vr2UKWPncsMH9T7WnKaeVhomL72TyGjR1NyQxjXFaCQzj23yA2rq3qmPJo1zn_Gy2O8fdyyHK2fxdhpB4ZgjXyRvzJF4rY4p9oa-B91yogzEvgca2odlu4QRAdj33b7IjtfOYcTIR770fJ4XeSmFBQB5F-3R03jJTmKlP1csk1NJE9Tuhh1cMkjGEXqRdUv34hTQo43g.mv33-6NyTI1-yVPj6U_nS_TgAjRy9N4kdTRJTu3vV_w&dib_tag=se&keywords=shoe&qid=1713166441&sr=8-5
Mens Sm 648sports Running Shoes,4.1 out of 5 stars,6510,749.0,https://www.amazon.in/Sparx-SM-648-Orange-Sports-Shoes/dp/B08RNRM22T/ref=sr_1_6?dib=eyJ2IjoiMSJ9.xhpK4VjWT4tWltNrYq_dCEXU57OPG80YD04jurVJY8UYTxmjHN55T_Dwf86Z2FPI8aH3euv7R6rn9nleQEV2SvGRkaGAs5KMZG5vr2UKWPncsMH9T7WnKaeVhomL72TyGjR1NyQxjXFaCQzj23yA2rq3qmPJo1zn_Gy2O8fdyyHK2fxdhpB4ZgjXyRvzJF4rY4p9oa-B91yogzEvgca2odlu4QRAdj33b7IjtfOYcTIR770fJ4XeSmFBQB5F-3R03jJTmKlP1csk1NJE9Tuhh1cMkjGEXqRdUv34hTQo43g.mv33-6NyTI1-yVPj6U_nS_TgAjRy9N4kdTRJTu3vV_w&dib_tag=se&keywords=shoe&qid=1713166441&sr=8-6
"Signature Shoes for Men, Sports Shoes for Men, Running Shoes for Men, Men Shoes, Sports Shoes, Walking Shoes for Men, Sport Shoes for Men, Gym Shoes for Men",4.4 out of 5 stars,285,1350.0,https://www.amazon.in/JQR-Sports-Running-Walking-Signature-ASH-Rose-Gry-Z-BLK-G9/dp/B0CLJFKSZ5/ref=sr_1_7?dib=eyJ2IjoiMSJ9.xhpK4VjWT4tWltNrYq_dCEXU57OPG80YD04jurVJY8UYTxmjHN55T_Dwf86Z2FPI8aH3euv7R6rn9nleQEV2SvGRkaGAs5KMZG5vr2UKWPncsMH9T7WnKaeVhomL72TyGjR1NyQxjXFaCQzj23yA2rq3qmPJo1zn_Gy2O8fdyyHK2fxdhpB4ZgjXyRvzJF4rY4p9oa-B91yogzEvgca2odlu4QRAdj33b7IjtfOYcTIR770fJ4XeSmFBQB5F-3R03jJTmKlP1csk1NJE9Tuhh1cMkjGEXqRdUv34hTQo43g.mv33-6NyTI1-yVPj6U_nS_TgAjRy9N4kdTRJTu3vV_w&dib_tag=se&keywords=shoe&qid=1713166441&sr=8-7
Mens Terminator (N) Running Shoes,3.8 out of 5 stars,3142,1264.0,https://www.amazon.in/Campus-Terminator-D-Gry-Running-Shoes/dp/B095T19ZQJ/ref=sr_1_8?dib=eyJ2IjoiMSJ9.xhpK4VjWT4tWltNrYq_dCEXU57OPG80YD04jurVJY8UYTxmjHN55T_Dwf86Z2FPI8aH3euv7R6rn9nleQEV2SvGRkaGAs5KMZG5vr2UKWPncsMH9T7WnKaeVhomL72TyGjR1NyQxjXFaCQzj23yA2rq3qmPJo1zn_Gy2O8fdyyHK2fxdhpB4ZgjXyRvzJF4rY4p9oa-B91yogzEvgca2odlu4QRAdj33b7IjtfOYcTIR770fJ4XeSmFBQB5F-3R03jJTmKlP1csk1NJE9Tuhh1cMkjGEXqRdUv34hTQo43g.mv33-6NyTI1-yVPj6U_nS_TgAjRy9N4kdTRJTu3vV_w&dib_tag=se&keywords=shoe&qid=1713166441&sr=8-8
Birde Men Grey Mesh Sports Running Shoes -BRD-466_8,3.4 out of 5 stars,55,299.0,https://www.amazon.in/Birde-Sports-Running-Shoes-BRD-466_8/dp/B0928Y29N3/ref=sr_1_9?dib=eyJ2IjoiMSJ9.xhpK4VjWT4tWltNrYq_dCEXU57OPG80YD04jurVJY8UYTxmjHN55T_Dwf86Z2FPI8aH3euv7R6rn9nleQEV2SvGRkaGAs5KMZG5vr2UKWPncsMH9T7WnKaeVhomL72TyGjR1NyQxjXFaCQzj23yA2rq3qmPJo1zn_Gy2O8fdyyHK2fxdhpB4ZgjXyRvzJF4rY4p9oa-B91yogzEvgca2odlu4QRAdj33b7IjtfOYcTIR770fJ4XeSmFBQB5F-3R03jJTmKlP1csk1NJE9Tuhh1cMkjGEXqRdUv34hTQo43g.mv33-6NyTI1-yVPj6U_nS_TgAjRy9N4kdTRJTu3vV_w&dib_tag=se&keywords=shoe&qid=1713166441&sr=8-9
"Men's Moonwalk-01 Sports Walking,Running & Gym Shoes with Eva Sole Extra Jump Casual Slip-on Shoes for Men's & Boy's…",3.9 out of 5 stars,2772,649.0,https://www.amazon.in/ASIAN-Moonwalk-01-Sports-Running-Walking/dp/B0B8DPDTFM/ref=sr_1_10?dib=eyJ2IjoiMSJ9.xhpK4VjWT4tWltNrYq_dCEXU57OPG80YD04jurVJY8UYTxmjHN55T_Dwf86Z2FPI8aH3euv7R6rn9nleQEV2SvGRkaGAs5KMZG5vr2UKWPncsMH9T7WnKaeVhomL72TyGjR1NyQxjXFaCQzj23yA2rq3qmPJo1zn_Gy2O8fdyyHK2fxdhpB4ZgjXyRvzJF4rY4p9oa-B91yogzEvgca2odlu4QRAdj33b7IjtfOYcTIR770fJ4XeSmFBQB5F-3R03jJTmKlP1csk1NJE9Tuhh1cMkjGEXqRdUv34hTQo43g.mv33-6NyTI1-yVPj6U_nS_TgAjRy9N4kdTRJTu3vV_w&dib_tag=se&keywords=shoe&qid=1713166441&sr=8-10
Men's Dazzler Sneakers,4.0 out of 5 stars,5342,1523.0,https://www.amazon.in/Puma-Dazzler-Black-Puma-Silver-Sneaker/dp/B09RGJCVW6/ref=sr_1_11?dib=eyJ2IjoiMSJ9.xhpK4VjWT4tWltNrYq_dCEXU57OPG80YD04jurVJY8UYTxmjHN55T_Dwf86Z2FPI8aH3euv7R6rn9nleQEV2SvGRkaGAs5KMZG5vr2UKWPncsMH9T7WnKaeVhomL72TyGjR1NyQxjXFaCQzj23yA2rq3qmPJo1zn_Gy2O8fdyyHK2fxdhpB4ZgjXyRvzJF4rY4p9oa-B91yogzEvgca2odlu4QRAdj33b7IjtfOYcTIR770fJ4XeSmFBQB5F-3R03jJTmKlP1csk1NJE9Tuhh1cMkjGEXqRdUv34hTQo43g.mv33-6NyTI1-yVPj6U_nS_TgAjRy9N4kdTRJTu3vV_w&dib_tag=se&keywords=shoe&qid=1713166441&sr=8-11
Mens Sx0675gWalking Shoe,4.1 out of 5 stars,8212,766.0,https://www.amazon.in/Sparx-Mens-Running-Shoe-8-SX0675G/dp/B08WJ281D6/ref=sr_1_12?dib=eyJ2IjoiMSJ9.xhpK4VjWT4tWltNrYq_dCEXU57OPG80YD04jurVJY8UYTxmjHN55T_Dwf86Z2FPI8aH3euv7R6rn9nleQEV2SvGRkaGAs5KMZG5vr2UKWPncsMH9T7WnKaeVhomL72TyGjR1NyQxjXFaCQzj23yA2rq3qmPJo1zn_Gy2O8fdyyHK2fxdhpB4ZgjXyRvzJF4rY4p9oa-B91yogzEvgca2odlu4QRAdj33b7IjtfOYcTIR770fJ4XeSmFBQB5F-3R03jJTmKlP1csk1NJE9Tuhh1cMkjGEXqRdUv34hTQo43g.mv33-6NyTI1-yVPj6U_nS_TgAjRy9N4kdTRJTu3vV_w&dib_tag=se&keywords=shoe&qid=1713166441&sr=8-12
"Men's Wonder Sports Running,Walking & Gym Shoes with Casual Sneaker Lightweight Lace-Up Shoes for Men's Delta-20",3.9 out of 5 stars,4330,799.0,https://www.amazon.in/ASIAN-Delta-20-Sports-Running-Walking/dp/B09WLMCYLR/ref=sr_1_14?dib=eyJ2IjoiMSJ9.xhpK4VjWT4tWltNrYq_dCEXU57OPG80YD04jurVJY8UYTxmjHN55T_Dwf86Z2FPI8aH3euv7R6rn9nleQEV2SvGRkaGAs5KMZG5vr2UKWPncsMH9T7WnKaeVhomL72TyGjR1NyQxjXFaCQzj23yA2rq3qmPJo1zn_Gy2O8fdyyHK2fxdhpB4ZgjXyRvzJF4rY4p9oa-B91yogzEvgca2odlu4QRAdj33b7IjtfOYcTIR770fJ4XeSmFBQB5F-3R03jJTmKlP1csk1NJE9Tuhh1cMkjGEXqRdUv34hTQo43g.mv33-6NyTI1-yVPj6U_nS_TgAjRy9N4kdTRJTu3vV_w&dib_tag=se&keywords=shoe&qid=1713166441&sr=8-14
Men's Tarzan-11 White Casual Sneaker High-Neck Shoes with Lightweight Extra Cushion Lace-Up Shoes for Men's & Boy's…,3.7 out of 5 stars,914,749.0,https://www.amazon.in/ASIAN-Tarzan-11-Sneaker-High-Neck-Lightweight/dp/B0CD4GCMZG/ref=sr_1_15?dib=eyJ2IjoiMSJ9.xhpK4VjWT4tWltNrYq_dCEXU57OPG80YD04jurVJY8UYTxmjHN55T_Dwf86Z2FPI8aH3euv7R6rn9nleQEV2SvGRkaGAs5KMZG5vr2UKWPncsMH9T7WnKaeVhomL72TyGjR1NyQxjXFaCQzj23yA2rq3qmPJo1zn_Gy2O8fdyyHK2fxdhpB4ZgjXyRvzJF4rY4p9oa-B91yogzEvgca2odlu4QRAdj33b7IjtfOYcTIR770fJ4XeSmFBQB5F-3R03jJTmKlP1csk1NJE9Tuhh1cMkjGEXqRdUv34hTQo43g.mv33-6NyTI1-yVPj6U_nS_TgAjRy9N4kdTRJTu3vV_w&dib_tag=se&keywords=shoe&qid=1713166441&sr=8-15
Men's Black Mesh Outdoor Casual Shoes,2.9 out of 5 stars,826,329.0,https://www.amazon.in/AADI-Black-Running-Sport-Shoes/dp/B0845N8X7J/ref=sr_1_16?dib=eyJ2IjoiMSJ9.xhpK4VjWT4tWltNrYq_dCEXU57OPG80YD04jurVJY8UYTxmjHN55T_Dwf86Z2FPI8aH3euv7R6rn9nleQEV2SvGRkaGAs5KMZG5vr2UKWPncsMH9T7WnKaeVhomL72TyGjR1NyQxjXFaCQzj23yA2rq3qmPJo1zn_Gy2O8fdyyHK2fxdhpB4ZgjXyRvzJF4rY4p9oa-B91yogzEvgca2odlu4QRAdj33b7IjtfOYcTIR770fJ4XeSmFBQB5F-3R03jJTmKlP1csk1NJE9Tuhh1cMkjGEXqRdUv34hTQo43g.mv33-6NyTI1-yVPj6U_nS_TgAjRy9N4kdTRJTu3vV_w&dib_tag=se&keywords=shoe&qid=1713166441&sr=8-16
Mens Sd0439gCasual Shoe,4.2 out of 5 stars,5679,594.0,https://www.amazon.in/Sparx-Mens-White-Sneakers-SD0439G_WHWH0010/dp/B07Y4Y3DGB/ref=sr_1_17?dib=eyJ2IjoiMSJ9.xhpK4VjWT4tWltNrYq_dCEXU57OPG80YD04jurVJY8UYTxmjHN55T_Dwf86Z2FPI8aH3euv7R6rn9nleQEV2SvGRkaGAs5KMZG5vr2UKWPncsMH9T7WnKaeVhomL72TyGjR1NyQxjXFaCQzj23yA2rq3qmPJo1zn_Gy2O8fdyyHK2fxdhpB4ZgjXyRvzJF4rY4p9oa-B91yogzEvgca2odlu4QRAdj33b7IjtfOYcTIR770fJ4XeSmFBQB5F-3R03jJTmKlP1csk1NJE9Tuhh1cMkjGEXqRdUv34hTQo43g.mv33-6NyTI1-yVPj6U_nS_TgAjRy9N4kdTRJTu3vV_w&dib_tag=se&keywords=shoe&qid=1713166441&sr=8-17
Men's Sports Running Shoes Indus-251,3.7 out of 5 stars,4829,569.0,https://www.amazon.in/Lancer-White-Sports-Running-Indus-251/dp/B081LGL5QT/ref=sr_1_18?dib=eyJ2IjoiMSJ9.xhpK4VjWT4tWltNrYq_dCEXU57OPG80YD04jurVJY8UYTxmjHN55T_Dwf86Z2FPI8aH3euv7R6rn9nleQEV2SvGRkaGAs5KMZG5vr2UKWPncsMH9T7WnKaeVhomL72TyGjR1NyQxjXFaCQzj23yA2rq3qmPJo1zn_Gy2O8fdyyHK2fxdhpB4ZgjXyRvzJF4rY4p9oa-B91yogzEvgca2odlu4QRAdj33b7IjtfOYcTIR770fJ4XeSmFBQB5F-3R03jJTmKlP1csk1NJE9Tuhh1cMkjGEXqRdUv34hTQo43g.mv33-6NyTI1-yVPj6U_nS_TgAjRy9N4kdTRJTu3vV_w&dib_tag=se&keywords=shoe&qid=1713166441&sr=8-18
"Men's Everest-21 Sports Trekking & Hiking,Walking Hi-Neck Shoes with Rubber Outsole & Memory Foam Insole Lace-Up Shoes for Men's & Boy's",4.0 out of 5 stars,126,1299.0,https://www.amazon.in/ASIAN-Everest-21-High-Neck-Outsole-Lace-Up/dp/B0CKNKDV2G/ref=sr_1_19?dib=eyJ2IjoiMSJ9.xhpK4VjWT4tWltNrYq_dCEXU57OPG80YD04jurVJY8UYTxmjHN55T_Dwf86Z2FPI8aH3euv7R6rn9nleQEV2SvGRkaGAs5KMZG5vr2UKWPncsMH9T7WnKaeVhomL72TyGjR1NyQxjXFaCQzj23yA2rq3qmPJo1zn_Gy2O8fdyyHK2fxdhpB4ZgjXyRvzJF4rY4p9oa-B91yogzEvgca2odlu4QRAdj33b7IjtfOYcTIR770fJ4XeSmFBQB5F-3R03jJTmKlP1csk1NJE9Tuhh1cMkjGEXqRdUv34hTQo43g.mv33-6NyTI1-yVPj6U_nS_TgAjRy9N4kdTRJTu3vV_w&dib_tag=se&keywords=shoe&qid=1713166441&sr=8-19
Men's Essential Your Everyday All Purpose Walking Running Casual Shoes,3.9 out of 5 stars,229,1149.0,https://www.amazon.in/Bacca-Bucci-Essential-Everyday-Purpose/dp/B0CWD4T5T7/ref=sr_1_20?dib=eyJ2IjoiMSJ9.xhpK4VjWT4tWltNrYq_dCEXU57OPG80YD04jurVJY8UYTxmjHN55T_Dwf86Z2FPI8aH3euv7R6rn9nleQEV2SvGRkaGAs5KMZG5vr2UKWPncsMH9T7WnKaeVhomL72TyGjR1NyQxjXFaCQzj23yA2rq3qmPJo1zn_Gy2O8fdyyHK2fxdhpB4ZgjXyRvzJF4rY4p9oa-B91yogzEvgca2odlu4QRAdj33b7IjtfOYcTIR770fJ4XeSmFBQB5F-3R03jJTmKlP1csk1NJE9Tuhh1cMkjGEXqRdUv34hTQo43g.mv33-6NyTI1-yVPj6U_nS_TgAjRy9N4kdTRJTu3vV_w&dib_tag=se&keywords=shoe&qid=1713166441&sr=8-20
Men's SLAKE Running Shoes,3.4 out of 5 stars,9,1119.0,https://www.amazon.in/Campus-SLAKE-L-Gry-Running-Shoes/dp/B0CV3CX63Z/ref=sr_1_21?dib=eyJ2IjoiMSJ9.xhpK4VjWT4tWltNrYq_dCEXU57OPG80YD04jurVJY8UYTxmjHN55T_Dwf86Z2FPI8aH3euv7R6rn9nleQEV2SvGRkaGAs5KMZG5vr2UKWPncsMH9T7WnKaeVhomL72TyGjR1NyQxjXFaCQzj23yA2rq3qmPJo1zn_Gy2O8fdyyHK2fxdhpB4ZgjXyRvzJF4rY4p9oa-B91yogzEvgca2odlu4QRAdj33b7IjtfOYcTIR770fJ4XeSmFBQB5F-3R03jJTmKlP1csk1NJE9Tuhh1cMkjGEXqRdUv34hTQo43g.mv33-6NyTI1-yVPj6U_nS_TgAjRy9N4kdTRJTu3vV_w&dib_tag=se&keywords=shoe&qid=1713166441&sr=8-21
Colourblocked Sneakers for Men | Comfortable and Flexible | Casual Shoes for Men,5.0 out of 5 stars,2,999.0,https://www.amazon.in/Neemans-Colourblocked-Sneakers-Comfortable-Flexible/dp/B0CWTZ6HK8/ref=sr_1_22?dib=eyJ2IjoiMSJ9.xhpK4VjWT4tWltNrYq_dCEXU57OPG80YD04jurVJY8UYTxmjHN55T_Dwf86Z2FPI8aH3euv7R6rn9nleQEV2SvGRkaGAs5KMZG5vr2UKWPncsMH9T7WnKaeVhomL72TyGjR1NyQxjXFaCQzj23yA2rq3qmPJo1zn_Gy2O8fdyyHK2fxdhpB4ZgjXyRvzJF4rY4p9oa-B91yogzEvgca2odlu4QRAdj33b7IjtfOYcTIR770fJ4XeSmFBQB5F-3R03jJTmKlP1csk1NJE9Tuhh1cMkjGEXqRdUv34hTQo43g.mv33-6NyTI1-yVPj6U_nS_TgAjRy9N4kdTRJTu3vV_w&dib_tag=se&keywords=shoe&qid=1713166441&sr=8-22
Premium High Top Comfortable Synthetic Leather Casual Sneakers Shoes,3.2 out of 5 stars,24,429.0,https://www.amazon.in/Birde-Black-Leather-Running-Shoes/dp/B0CC94BKJS/ref=sr_1_23?dib=eyJ2IjoiMSJ9.xhpK4VjWT4tWltNrYq_dCEXU57OPG80YD04jurVJY8UYTxmjHN55T_Dwf86Z2FPI8aH3euv7R6rn9nleQEV2SvGRkaGAs5KMZG5vr2UKWPncsMH9T7WnKaeVhomL72TyGjR1NyQxjXFaCQzj23yA2rq3qmPJo1zn_Gy2O8fdyyHK2fxdhpB4ZgjXyRvzJF4rY4p9oa-B91yogzEvgca2odlu4QRAdj33b7IjtfOYcTIR770fJ4XeSmFBQB5F-3R03jJTmKlP1csk1NJE9Tuhh1cMkjGEXqRdUv34hTQo43g.mv33-6NyTI1-yVPj6U_nS_TgAjRy9N4kdTRJTu3vV_w&dib_tag=se&keywords=shoe&qid=1713166441&sr=8-23
Men's North Plus Running Shoes,3.5 out of 5 stars,25,1099.0,https://www.amazon.in/Campus-North-R-Slate-Running-Shoes/dp/B0CQM8B1SN/ref=sr_1_24?dib=eyJ2IjoiMSJ9.xhpK4VjWT4tWltNrYq_dCEXU57OPG80YD04jurVJY8UYTxmjHN55T_Dwf86Z2FPI8aH3euv7R6rn9nleQEV2SvGRkaGAs5KMZG5vr2UKWPncsMH9T7WnKaeVhomL72TyGjR1NyQxjXFaCQzj23yA2rq3qmPJo1zn_Gy2O8fdyyHK2fxdhpB4ZgjXyRvzJF4rY4p9oa-B91yogzEvgca2odlu4QRAdj33b7IjtfOYcTIR770fJ4XeSmFBQB5F-3R03jJTmKlP1csk1NJE9Tuhh1cMkjGEXqRdUv34hTQo43g.mv33-6NyTI1-yVPj6U_nS_TgAjRy9N4kdTRJTu3vV_w&dib_tag=se&keywords=shoe&qid=1713166441&sr=8-24
Men's Dunk Running Shoes,3.5 out of 5 stars,18,1189.0,https://www.amazon.in/Campus-M-Gry-Lemon-Running-Shoes/dp/B0CX179Z7K/ref=sr_1_25?dib=eyJ2IjoiMSJ9.xhpK4VjWT4tWltNrYq_dCEXU57OPG80YD04jurVJY8UYTxmjHN55T_Dwf86Z2FPI8aH3euv7R6rn9nleQEV2SvGRkaGAs5KMZG5vr2UKWPncsMH9T7WnKaeVhomL72TyGjR1NyQxjXFaCQzj23yA2rq3qmPJo1zn_Gy2O8fdyyHK2fxdhpB4ZgjXyRvzJF4rY4p9oa-B91yogzEvgca2odlu4QRAdj33b7IjtfOYcTIR770fJ4XeSmFBQB5F-3R03jJTmKlP1csk1NJE9Tuhh1cMkjGEXqRdUv34hTQo43g.mv33-6NyTI1-yVPj6U_nS_TgAjRy9N4kdTRJTu3vV_w&dib_tag=se&keywords=shoe&qid=1713166441&sr=8-25
Mens Gel-Venture 9Running Shoe,4.1 out of 5 stars,477,3599.0,https://www.amazon.in/ASICS-Gel-Venture-Magnetic-Black-Running/dp/B0C68XK4SS/ref=sr_1_26?dib=eyJ2IjoiMSJ9.xhpK4VjWT4tWltNrYq_dCEXU57OPG80YD04jurVJY8UYTxmjHN55T_Dwf86Z2FPI8aH3euv7R6rn9nleQEV2SvGRkaGAs5KMZG5vr2UKWPncsMH9T7WnKaeVhomL72TyGjR1NyQxjXFaCQzj23yA2rq3qmPJo1zn_Gy2O8fdyyHK2fxdhpB4ZgjXyRvzJF4rY4p9oa-B91yogzEvgca2odlu4QRAdj33b7IjtfOYcTIR770fJ4XeSmFBQB5F-3R03jJTmKlP1csk1NJE9Tuhh1cMkjGEXqRdUv34hTQo43g.mv33-6NyTI1-yVPj6U_nS_TgAjRy9N4kdTRJTu3vV_w&dib_tag=se&keywords=shoe&qid=1713166441&sr=8-26
Men's Graffiti Running Shoes,3.5 out of 5 stars,8,1259.0,https://www.amazon.in/Campus-Mens-Graffiti-Running-Shoes/dp/B0CQM5TLSG/ref=sr_1_27?dib=eyJ2IjoiMSJ9.xhpK4VjWT4tWltNrYq_dCEXU57OPG80YD04jurVJY8UYTxmjHN55T_Dwf86Z2FPI8aH3euv7R6rn9nleQEV2SvGRkaGAs5KMZG5vr2UKWPncsMH9T7WnKaeVhomL72TyGjR1NyQxjXFaCQzj23yA2rq3qmPJo1zn_Gy2O8fdyyHK2fxdhpB4ZgjXyRvzJF4rY4p9oa-B91yogzEvgca2odlu4QRAdj33b7IjtfOYcTIR770fJ4XeSmFBQB5F-3R03jJTmKlP1csk1NJE9Tuhh1cMkjGEXqRdUv34hTQo43g.mv33-6NyTI1-yVPj6U_nS_TgAjRy9N4kdTRJTu3vV_w&dib_tag=se&keywords=shoe&qid=1713166441&sr=8-27
Mens Anders Sneaker,4.0 out of 5 stars,88,2952.0,https://www.amazon.in/U-S-POLO-ASSN-Anders-Sneaker/dp/B0BC6NL8G9/ref=sr_1_28?dib=eyJ2IjoiMSJ9.xhpK4VjWT4tWltNrYq_dCEXU57OPG80YD04jurVJY8UYTxmjHN55T_Dwf86Z2FPI8aH3euv7R6rn9nleQEV2SvGRkaGAs5KMZG5vr2UKWPncsMH9T7WnKaeVhomL72TyGjR1NyQxjXFaCQzj23yA2rq3qmPJo1zn_Gy2O8fdyyHK2fxdhpB4ZgjXyRvzJF4rY4p9oa-B91yogzEvgca2odlu4QRAdj33b7IjtfOYcTIR770fJ4XeSmFBQB5F-3R03jJTmKlP1csk1NJE9Tuhh1cMkjGEXqRdUv34hTQo43g.mv33-6NyTI1-yVPj6U_nS_TgAjRy9N4kdTRJTu3vV_w&dib_tag=se&keywords=shoe&qid=1713166441&sr=8-28
Unisex-Adult Conduct ProRunning Shoe,4.7 out of 5 stars,5,6399.0,https://www.amazon.in/Puma-Unisex-Adult-Conduct-Fog-White-Sun-Running/dp/B0CQCN1C9X/ref=sr_1_29?dib=eyJ2IjoiMSJ9.xhpK4VjWT4tWltNrYq_dCEXU57OPG80YD04jurVJY8UYTxmjHN55T_Dwf86Z2FPI8aH3euv7R6rn9nleQEV2SvGRkaGAs5KMZG5vr2UKWPncsMH9T7WnKaeVhomL72TyGjR1NyQxjXFaCQzj23yA2rq3qmPJo1zn_Gy2O8fdyyHK2fxdhpB4ZgjXyRvzJF4rY4p9oa-B91yogzEvgca2odlu4QRAdj33b7IjtfOYcTIR770fJ4XeSmFBQB5F-3R03jJTmKlP1csk1NJE9Tuhh1cMkjGEXqRdUv34hTQo43g.mv33-6NyTI1-yVPj6U_nS_TgAjRy9N4kdTRJTu3vV_w&dib_tag=se&keywords=shoe&qid=1713166441&sr=8-29
Leap7X SCHLPRO-3 Kids' Velcro School Shoes for Daily Use and Long-Lasting Durability,4.8 out of 5 stars,10,824.0,https://www.amazon.in/Liberty-LEAP7X-SCHLPRO-3-Velcro-Durability/dp/B0CX4SW4F2/ref=sr_1_30?dib=eyJ2IjoiMSJ9.xhpK4VjWT4tWltNrYq_dCEXU57OPG80YD04jurVJY8UYTxmjHN55T_Dwf86Z2FPI8aH3euv7R6rn9nleQEV2SvGRkaGAs5KMZG5vr2UKWPncsMH9T7WnKaeVhomL72TyGjR1NyQxjXFaCQzj23yA2rq3qmPJo1zn_Gy2O8fdyyHK2fxdhpB4ZgjXyRvzJF4rY4p9oa-B91yogzEvgca2odlu4QRAdj33b7IjtfOYcTIR770fJ4XeSmFBQB5F-3R03jJTmKlP1csk1NJE9Tuhh1cMkjGEXqRdUv34hTQo43g.mv33-6NyTI1-yVPj6U_nS_TgAjRy9N4kdTRJTu3vV_w&dib_tag=se&keywords=shoe&qid=1713166441&sr=8-30
"Sports Walking Shoes for Men | Soft Cushioned Insole, Slip-Resistance, Dynamic Feet Support, Arch Support & Shock Absorption",3.8 out of 5 stars,202,1539.0,https://www.amazon.in/Red-Tape-Cushioned-Slip-Resistance-Absorption/dp/B0CNLNZ4MK/ref=sr_1_31?dib=eyJ2IjoiMSJ9.xhpK4VjWT4tWltNrYq_dCEXU57OPG80YD04jurVJY8UYTxmjHN55T_Dwf86Z2FPI8aH3euv7R6rn9nleQEV2SvGRkaGAs5KMZG5vr2UKWPncsMH9T7WnKaeVhomL72TyGjR1NyQxjXFaCQzj23yA2rq3qmPJo1zn_Gy2O8fdyyHK2fxdhpB4ZgjXyRvzJF4rY4p9oa-B91yogzEvgca2odlu4QRAdj33b7IjtfOYcTIR770fJ4XeSmFBQB5F-3R03jJTmKlP1csk1NJE9Tuhh1cMkjGEXqRdUv34hTQo43g.mv33-6NyTI1-yVPj6U_nS_TgAjRy9N4kdTRJTu3vV_w&dib_tag=se&keywords=shoe&qid=1713166441&sr=8-31
Mens Endorphin Pro 4Running Shoe,4.1 out of 5 stars,7,19192.0,https://www.amazon.in/Saucony-Mens-Endorphin-VIZIORANGE-Running/dp/B0C34ZVXZ2/ref=sr_1_32?dib=eyJ2IjoiMSJ9.xhpK4VjWT4tWltNrYq_dCEXU57OPG80YD04jurVJY8UYTxmjHN55T_Dwf86Z2FPI8aH3euv7R6rn9nleQEV2SvGRkaGAs5KMZG5vr2UKWPncsMH9T7WnKaeVhomL72TyGjR1NyQxjXFaCQzj23yA2rq3qmPJo1zn_Gy2O8fdyyHK2fxdhpB4ZgjXyRvzJF4rY4p9oa-B91yogzEvgca2odlu4QRAdj33b7IjtfOYcTIR770fJ4XeSmFBQB5F-3R03jJTmKlP1csk1NJE9Tuhh1cMkjGEXqRdUv34hTQo43g.mv33-6NyTI1-yVPj6U_nS_TgAjRy9N4kdTRJTu3vV_w&dib_tag=se&keywords=shoe&qid=1713166441&sr=8-32
Mens OGC 3608119Casual Shoe,4.0 out of 5 stars,1108,2019.0,https://www.amazon.in/Woodland-Leather-Sneaker-8-OGC-3608119_Dubai/dp/B08T42B824/ref=sr_1_34?dib=eyJ2IjoiMSJ9.xhpK4VjWT4tWltNrYq_dCEXU57OPG80YD04jurVJY8UYTxmjHN55T_Dwf86Z2FPI8aH3euv7R6rn9nleQEV2SvGRkaGAs5KMZG5vr2UKWPncsMH9T7WnKaeVhomL72TyGjR1NyQxjXFaCQzj23yA2rq3qmPJo1zn_Gy2O8fdyyHK2fxdhpB4ZgjXyRvzJF4rY4p9oa-B91yogzEvgca2odlu4QRAdj33b7IjtfOYcTIR770fJ4XeSmFBQB5F-3R03jJTmKlP1csk1NJE9Tuhh1cMkjGEXqRdUv34hTQo43g.mv33-6NyTI1-yVPj6U_nS_TgAjRy9N4kdTRJTu3vV_w&dib_tag=se&keywords=shoe&qid=1713166441&sr=8-34
Boys Skolpro-lSchool Uniform Shoe,4.1 out of 5 stars,240,640.0,https://www.amazon.in/Liberty-Force-SKOLPRO-L-Black-Formal/dp/B0BVYY7HZ9/ref=sr_1_35?dib=eyJ2IjoiMSJ9.xhpK4VjWT4tWltNrYq_dCEXU57OPG80YD04jurVJY8UYTxmjHN55T_Dwf86Z2FPI8aH3euv7R6rn9nleQEV2SvGRkaGAs5KMZG5vr2UKWPncsMH9T7WnKaeVhomL72TyGjR1NyQxjXFaCQzj23yA2rq3qmPJo1zn_Gy2O8fdyyHK2fxdhpB4ZgjXyRvzJF4rY4p9oa-B91yogzEvgca2odlu4QRAdj33b7IjtfOYcTIR770fJ4XeSmFBQB5F-3R03jJTmKlP1csk1NJE9Tuhh1cMkjGEXqRdUv34hTQo43g.mv33-6NyTI1-yVPj6U_nS_TgAjRy9N4kdTRJTu3vV_w&dib_tag=se&keywords=shoe&qid=1713166441&sr=8-35
Mens Gel-Nimbus 26Running Shoe,5.0 out of 5 stars,3,15995.0,https://www.amazon.in/ASICS-Gel-Nimbus-White-Waterscape-Running/dp/B0CRB2ZDXV/ref=sr_1_36?dib=eyJ2IjoiMSJ9.xhpK4VjWT4tWltNrYq_dCEXU57OPG80YD04jurVJY8UYTxmjHN55T_Dwf86Z2FPI8aH3euv7R6rn9nleQEV2SvGRkaGAs5KMZG5vr2UKWPncsMH9T7WnKaeVhomL72TyGjR1NyQxjXFaCQzj23yA2rq3qmPJo1zn_Gy2O8fdyyHK2fxdhpB4ZgjXyRvzJF4rY4p9oa-B91yogzEvgca2odlu4QRAdj33b7IjtfOYcTIR770fJ4XeSmFBQB5F-3R03jJTmKlP1csk1NJE9Tuhh1cMkjGEXqRdUv34hTQo43g.mv33-6NyTI1-yVPj6U_nS_TgAjRy9N4kdTRJTu3vV_w&dib_tag=se&keywords=shoe&qid=1713166441&sr=8-36
Mens Sx0680gSneaker,4.0 out of 5 stars,2178,1049.0,https://www.amazon.in/Sparx-Mens-Running-Shoe-9-SX0680G/dp/B098B8YCZ2/ref=sr_1_37?dib=eyJ2IjoiMSJ9.xhpK4VjWT4tWltNrYq_dCEXU57OPG80YD04jurVJY8UYTxmjHN55T_Dwf86Z2FPI8aH3euv7R6rn9nleQEV2SvGRkaGAs5KMZG5vr2UKWPncsMH9T7WnKaeVhomL72TyGjR1NyQxjXFaCQzj23yA2rq3qmPJo1zn_Gy2O8fdyyHK2fxdhpB4ZgjXyRvzJF4rY4p9oa-B91yogzEvgca2odlu4QRAdj33b7IjtfOYcTIR770fJ4XeSmFBQB5F-3R03jJTmKlP1csk1NJE9Tuhh1cMkjGEXqRdUv34hTQo43g.mv33-6NyTI1-yVPj6U_nS_TgAjRy9N4kdTRJTu3vV_w&dib_tag=se&keywords=shoe&qid=1713166441&sr=8-37
Men's Shoes Captoe Style Comfortable Laceups for Men (RGCT),4.3 out of 5 stars,41,1399.0,https://www.amazon.in/LOUIS-STITCH-Rosewood-Comfortable-Size-9UK/dp/B0CN3K23TZ/ref=sr_1_39?dib=eyJ2IjoiMSJ9.xhpK4VjWT4tWltNrYq_dCEXU57OPG80YD04jurVJY8UYTxmjHN55T_Dwf86Z2FPI8aH3euv7R6rn9nleQEV2SvGRkaGAs5KMZG5vr2UKWPncsMH9T7WnKaeVhomL72TyGjR1NyQxjXFaCQzj23yA2rq3qmPJo1zn_Gy2O8fdyyHK2fxdhpB4ZgjXyRvzJF4rY4p9oa-B91yogzEvgca2odlu4QRAdj33b7IjtfOYcTIR770fJ4XeSmFBQB5F-3R03jJTmKlP1csk1NJE9Tuhh1cMkjGEXqRdUv34hTQo43g.mv33-6NyTI1-yVPj6U_nS_TgAjRy9N4kdTRJTu3vV_w&dib_tag=se&keywords=shoe&qid=1713166441&sr=8-39
Mens Sd0734g Sneaker,4.1 out of 5 stars,3193,699.0,https://www.amazon.in/Sparx-Mens-White-Sneaker-SD0734G/dp/B09PVGTFV4/ref=sr_1_40?dib=eyJ2IjoiMSJ9.xhpK4VjWT4tWltNrYq_dCEXU57OPG80YD04jurVJY8UYTxmjHN55T_Dwf86Z2FPI8aH3euv7R6rn9nleQEV2SvGRkaGAs5KMZG5vr2UKWPncsMH9T7WnKaeVhomL72TyGjR1NyQxjXFaCQzj23yA2rq3qmPJo1zn_Gy2O8fdyyHK2fxdhpB4ZgjXyRvzJF4rY4p9oa-B91yogzEvgca2odlu4QRAdj33b7IjtfOYcTIR770fJ4XeSmFBQB5F-3R03jJTmKlP1csk1NJE9Tuhh1cMkjGEXqRdUv34hTQo43g.mv33-6NyTI1-yVPj6U_nS_TgAjRy9N4kdTRJTu3vV_w&dib_tag=se&keywords=shoe&qid=1713166441&sr=8-40
Mens SC0671G BlackRed Casual Shoe - 9 UK (SC0671GBKRD0009),4.2 out of 5 stars,178,812.0,https://www.amazon.in/Sparx-Mens-Black-Sneaker-SC0671G/dp/B09FGCN1Z2/ref=sr_1_41?dib=eyJ2IjoiMSJ9.xhpK4VjWT4tWltNrYq_dCEXU57OPG80YD04jurVJY8UYTxmjHN55T_Dwf86Z2FPI8aH3euv7R6rn9nleQEV2SvGRkaGAs5KMZG5vr2UKWPncsMH9T7WnKaeVhomL72TyGjR1NyQxjXFaCQzj23yA2rq3qmPJo1zn_Gy2O8fdyyHK2fxdhpB4ZgjXyRvzJF4rY4p9oa-B91yogzEvgca2odlu4QRAdj33b7IjtfOYcTIR770fJ4XeSmFBQB5F-3R03jJTmKlP1csk1NJE9Tuhh1cMkjGEXqRdUv34hTQo43g.mv33-6NyTI1-yVPj6U_nS_TgAjRy9N4kdTRJTu3vV_w&dib_tag=se&keywords=shoe&qid=1713166441&sr=8-41
Men's OXYFIT (N) Walking Shoes,4.1 out of 5 stars,20751,529.0,https://www.amazon.in/Campus-OXYFIT-Walking-Shoes-India/dp/B09RPM4KCG/ref=sr_1_42?dib=eyJ2IjoiMSJ9.xhpK4VjWT4tWltNrYq_dCEXU57OPG80YD04jurVJY8UYTxmjHN55T_Dwf86Z2FPI8aH3euv7R6rn9nleQEV2SvGRkaGAs5KMZG5vr2UKWPncsMH9T7WnKaeVhomL72TyGjR1NyQxjXFaCQzj23yA2rq3qmPJo1zn_Gy2O8fdyyHK2fxdhpB4ZgjXyRvzJF4rY4p9oa-B91yogzEvgca2odlu4QRAdj33b7IjtfOYcTIR770fJ4XeSmFBQB5F-3R03jJTmKlP1csk1NJE9Tuhh1cMkjGEXqRdUv34hTQo43g.mv33-6NyTI1-yVPj6U_nS_TgAjRy9N4kdTRJTu3vV_w&dib_tag=se&keywords=shoe&qid=1713166441&sr=8-42
Men's Atlantis Running Shoes,3.9 out of 5 stars,1730,908.0,https://www.amazon.in/Campus-Atlantis-Running-Shoes-India/dp/B0C1N2P6JD/ref=sr_1_43?dib=eyJ2IjoiMSJ9.xhpK4VjWT4tWltNrYq_dCEXU57OPG80YD04jurVJY8UYTxmjHN55T_Dwf86Z2FPI8aH3euv7R6rn9nleQEV2SvGRkaGAs5KMZG5vr2UKWPncsMH9T7WnKaeVhomL72TyGjR1NyQxjXFaCQzj23yA2rq3qmPJo1zn_Gy2O8fdyyHK2fxdhpB4ZgjXyRvzJF4rY4p9oa-B91yogzEvgca2odlu4QRAdj33b7IjtfOYcTIR770fJ4XeSmFBQB5F-3R03jJTmKlP1csk1NJE9Tuhh1cMkjGEXqRdUv34hTQo43g.mv33-6NyTI1-yVPj6U_nS_TgAjRy9N4kdTRJTu3vV_w&dib_tag=se&keywords=shoe&qid=1713166441&sr=8-43
"Osprey Men's Waterproof Hiking Shoes: Lightweight, Breathable, and Ideal for Outdoor Trekking, Mountaineering, and Trail Adventures",4.1 out of 5 stars,8,1598.0,https://www.amazon.in/Bacca-Bucci%C2%AE-Osprey-Waterproof-Hiking/dp/B0CPBWM12C/ref=sr_1_44?dib=eyJ2IjoiMSJ9.xhpK4VjWT4tWltNrYq_dCEXU57OPG80YD04jurVJY8UYTxmjHN55T_Dwf86Z2FPI8aH3euv7R6rn9nleQEV2SvGRkaGAs5KMZG5vr2UKWPncsMH9T7WnKaeVhomL72TyGjR1NyQxjXFaCQzj23yA2rq3qmPJo1zn_Gy2O8fdyyHK2fxdhpB4ZgjXyRvzJF4rY4p9oa-B91yogzEvgca2odlu4QRAdj33b7IjtfOYcTIR770fJ4XeSmFBQB5F-3R03jJTmKlP1csk1NJE9Tuhh1cMkjGEXqRdUv34hTQo43g.mv33-6NyTI1-yVPj6U_nS_TgAjRy9N4kdTRJTu3vV_w&dib_tag=se&keywords=shoe&qid=1713166441&sr=8-44
Men's OXYFIT (N) Gry/D.Gry Walking Shoes - 6UK/India 22G-574,4.1 out of 5 stars,212,789.0,https://www.amazon.in/Campus-OXYFIT-D-Gry-Walking-Shoes/dp/B09RP8B8LX/ref=sr_1_45?dib=eyJ2IjoiMSJ9.xhpK4VjWT4tWltNrYq_dCEXU57OPG80YD04jurVJY8UYTxmjHN55T_Dwf86Z2FPI8aH3euv7R6rn9nleQEV2SvGRkaGAs5KMZG5vr2UKWPncsMH9T7WnKaeVhomL72TyGjR1NyQxjXFaCQzj23yA2rq3qmPJo1zn_Gy2O8fdyyHK2fxdhpB4ZgjXyRvzJF4rY4p9oa-B91yogzEvgca2odlu4QRAdj33b7IjtfOYcTIR770fJ4XeSmFBQB5F-3R03jJTmKlP1csk1NJE9Tuhh1cMkjGEXqRdUv34hTQo43g.mv33-6NyTI1-yVPj6U_nS_TgAjRy9N4kdTRJTu3vV_w&dib_tag=se&keywords=shoe&qid=1713166441&sr=8-45
Mens Rodeo ProRunning Shoe,3.9 out of 5 stars,9392,629.0,https://www.amazon.in/Campus-Rodeo-PRO-Running-Shoes/dp/B09VH4WLPP/ref=sr_1_46?dib=eyJ2IjoiMSJ9.xhpK4VjWT4tWltNrYq_dCEXU57OPG80YD04jurVJY8UYTxmjHN55T_Dwf86Z2FPI8aH3euv7R6rn9nleQEV2SvGRkaGAs5KMZG5vr2UKWPncsMH9T7WnKaeVhomL72TyGjR1NyQxjXFaCQzj23yA2rq3qmPJo1zn_Gy2O8fdyyHK2fxdhpB4ZgjXyRvzJF4rY4p9oa-B91yogzEvgca2odlu4QRAdj33b7IjtfOYcTIR770fJ4XeSmFBQB5F-3R03jJTmKlP1csk1NJE9Tuhh1cMkjGEXqRdUv34hTQo43g.mv33-6NyTI1-yVPj6U_nS_TgAjRy9N4kdTRJTu3vV_w&dib_tag=se&keywords=shoe&qid=1713166441&sr=8-46
Sports Walking Shoes for Men | Comfortable Lace-Up,3.2 out of 5 stars,411,1360.0,https://www.amazon.in/Red-Tape-Walking-Comfortable-Slip-Resistant/dp/B0C1SFZX7R/ref=sr_1_47?dib=eyJ2IjoiMSJ9.xhpK4VjWT4tWltNrYq_dCEXU57OPG80YD04jurVJY8UYTxmjHN55T_Dwf86Z2FPI8aH3euv7R6rn9nleQEV2SvGRkaGAs5KMZG5vr2UKWPncsMH9T7WnKaeVhomL72TyGjR1NyQxjXFaCQzj23yA2rq3qmPJo1zn_Gy2O8fdyyHK2fxdhpB4ZgjXyRvzJF4rY4p9oa-B91yogzEvgca2odlu4QRAdj33b7IjtfOYcTIR770fJ4XeSmFBQB5F-3R03jJTmKlP1csk1NJE9Tuhh1cMkjGEXqRdUv34hTQo43g.mv33-6NyTI1-yVPj6U_nS_TgAjRy9N4kdTRJTu3vV_w&dib_tag=se&keywords=shoe&qid=1713166441&sr=8-47
Men's CATO Walking Shoes,4.0 out of 5 stars,438,549.0,https://www.amazon.in/Campus-D-Gry-F-GRN-Running-Shoes/dp/B0C4T1LJ1F/ref=sr_1_48?dib=eyJ2IjoiMSJ9.xhpK4VjWT4tWltNrYq_dCEXU57OPG80YD04jurVJY8UYTxmjHN55T_Dwf86Z2FPI8aH3euv7R6rn9nleQEV2SvGRkaGAs5KMZG5vr2UKWPncsMH9T7WnKaeVhomL72TyGjR1NyQxjXFaCQzj23yA2rq3qmPJo1zn_Gy2O8fdyyHK2fxdhpB4ZgjXyRvzJF4rY4p9oa-B91yogzEvgca2odlu4QRAdj33b7IjtfOYcTIR770fJ4XeSmFBQB5F-3R03jJTmKlP1csk1NJE9Tuhh1cMkjGEXqRdUv34hTQo43g.mv33-6NyTI1-yVPj6U_nS_TgAjRy9N4kdTRJTu3vV_w&dib_tag=se&keywords=shoe&qid=1713166441&sr=8-48
Men's Rage Outdoor Sports Shoes with Enhanced Grip TPU Outsole & Laces Running Shoes for Men,5.0 out of 5 stars,4,1399.0,https://www.amazon.in/sspa/click?ie=UTF8&spc=MTo3MDM1NjE4NjM4MzgyMTA1OjE3MTMxNjY0NDI6c3Bfc2VhcmNoX3RoZW1hdGljOjMwMDE0ODc4NzE1OTgzMjo6MDo6&url=%2FAVANT-Mens-Black-P-Green-Sports%2Fdp%2FB0CT2MR3DY%2Fref%3Dsxbs_pa_sp_search_thematic_sspa%3Fcontent-id%3Damzn1.sym.a83da621-77e7-4296-a3f4-89ab1b9d499e%253Aamzn1.sym.a83da621-77e7-4296-a3f4-89ab1b9d499e%26cv_ct_cx%3Dshoe%26dib%3DeyJ2IjoiMSJ9.kKUlg2Hx6wYIKs_0YwqB5VaOsjLrLlqdO4rCnB-wVJyEcjq65uKsUJC3bb379zdZt0R8sSKMmi8tDT_KUZ2xfA.aruXtM4kE6WXTDsrftaSBYl7pueQU9rUgkMkwZNqqac%26dib_tag%3Dse%26keywords%3Dshoe%26pd_rd_i%3DB0CT2MR3DY%26pd_rd_r%3Dc4f96398-ece3-4c5a-96a2-c69193b2202d%26pd_rd_w%3DDZmA5%26pd_rd_wg%3DrQw7Z%26pf_rd_p%3Da83da621-77e7-4296-a3f4-89ab1b9d499e%26pf_rd_r%3DCVYTDNGCHGEGZNJRZCBK%26qid%3D1713166441%26sbo%3DRZvfv%252F%252FHxDF%252BO5021pAnSA%253D%253D%26sr%3D1-1-2907eac4-8056-42c7-8014-fdf7bd4c5395-spons%26sp_csd%3Dd2lkZ2V0TmFtZT1zcF9zZWFyY2hfdGhlbWF0aWM%26psc%3D1
Men's Rage Outdoor Sports Shoes with Enhanced Grip TPU Outsole & Laces Running Shoes for Men,5.0 out of 5 stars,4,1399.0,https://www.amazon.in/sspa/click?ie=UTF8&spc=MTo3MDM1NjE4NjM4MzgyMTA1OjE3MTMxNjY0NDI6c3Bfc2VhcmNoX3RoZW1hdGljOjMwMDE0ODc4NzE1OTgzMjo6MDo6&url=%2FAVANT-Mens-Black-P-Green-Sports%2Fdp%2FB0CT2MR3DY%2Fref%3Dsxbs_pa_sp_search_thematic_sspa%3Fcontent-id%3Damzn1.sym.a83da621-77e7-4296-a3f4-89ab1b9d499e%253Aamzn1.sym.a83da621-77e7-4296-a3f4-89ab1b9d499e%26cv_ct_cx%3Dshoe%26dib%3DeyJ2IjoiMSJ9.kKUlg2Hx6wYIKs_0YwqB5VaOsjLrLlqdO4rCnB-wVJyEcjq65uKsUJC3bb379zdZt0R8sSKMmi8tDT_KUZ2xfA.aruXtM4kE6WXTDsrftaSBYl7pueQU9rUgkMkwZNqqac%26dib_tag%3Dse%26keywords%3Dshoe%26pd_rd_i%3DB0CT2MR3DY%26pd_rd_r%3Dc4f96398-ece3-4c5a-96a2-c69193b2202d%26pd_rd_w%3DDZmA5%26pd_rd_wg%3DrQw7Z%26pf_rd_p%3Da83da621-77e7-4296-a3f4-89ab1b9d499e%26pf_rd_r%3DCVYTDNGCHGEGZNJRZCBK%26qid%3D1713166441%26sbo%3DRZvfv%252F%252FHxDF%252BO5021pAnSA%253D%253D%26sr%3D1-1-2907eac4-8056-42c7-8014-fdf7bd4c5395-spons%26sp_csd%3Dd2lkZ2V0TmFtZT1zcF9zZWFyY2hfdGhlbWF0aWM%26psc%3D1
Men's BounceMax Outdoor Sports Shoes with Enhanced Grip Rubber Outsole,4.0 out of 5 stars,47,1649.0,https://www.amazon.in/sspa/click?ie=UTF8&spc=MTo3MDM1NjE4NjM4MzgyMTA1OjE3MTMxNjY0NDI6c3Bfc2VhcmNoX3RoZW1hdGljOjMwMDE0MjQ3MzY4MTEzMjo6MTo6&url=%2FAVANT-BounceMax-White-Sports-Shoes%2Fdp%2FB0CKW5W63Y%2Fref%3Dsxbs_pa_sp_search_thematic_sspa%3Fcontent-id%3Damzn1.sym.a83da621-77e7-4296-a3f4-89ab1b9d499e%253Aamzn1.sym.a83da621-77e7-4296-a3f4-89ab1b9d499e%26cv_ct_cx%3Dshoe%26dib%3DeyJ2IjoiMSJ9.kKUlg2Hx6wYIKs_0YwqB5VaOsjLrLlqdO4rCnB-wVJyEcjq65uKsUJC3bb379zdZt0R8sSKMmi8tDT_KUZ2xfA.aruXtM4kE6WXTDsrftaSBYl7pueQU9rUgkMkwZNqqac%26dib_tag%3Dse%26keywords%3Dshoe%26pd_rd_i%3DB0CKW5W63Y%26pd_rd_r%3Dc4f96398-ece3-4c5a-96a2-c69193b2202d%26pd_rd_w%3DDZmA5%26pd_rd_wg%3DrQw7Z%26pf_rd_p%3Da83da621-77e7-4296-a3f4-89ab1b9d499e%26pf_rd_r%3DCVYTDNGCHGEGZNJRZCBK%26qid%3D1713166441%26sbo%3DRZvfv%252F%252FHxDF%252BO5021pAnSA%253D%253D%26sr%3D1-2-2907eac4-8056-42c7-8014-fdf7bd4c5395-spons%26sp_csd%3Dd2lkZ2V0TmFtZT1zcF9zZWFyY2hfdGhlbWF0aWM%26psc%3D1
Men's Titanium Running Shoes,4.0 out of 5 stars,340,844.0,https://www.amazon.in/sspa/click?ie=UTF8&spc=MTo3MDM1NjE4NjM4MzgyMTA1OjE3MTMxNjY0NDI6c3Bfc2VhcmNoX3RoZW1hdGljOjMwMDA2NzEwNjA3OTgzMjo6Mjo6&url=%2FCampus-Titanium-M-BLU-Running-Shoes%2Fdp%2FB099FG81HD%2Fref%3Dsxbs_pa_sp_search_thematic_sspa%3Fcontent-id%3Damzn1.sym.a83da621-77e7-4296-a3f4-89ab1b9d499e%253Aamzn1.sym.a83da621-77e7-4296-a3f4-89ab1b9d499e%26cv_ct_cx%3Dshoe%26dib%3DeyJ2IjoiMSJ9.kKUlg2Hx6wYIKs_0YwqB5VaOsjLrLlqdO4rCnB-wVJyEcjq65uKsUJC3bb379zdZt0R8sSKMmi8tDT_KUZ2xfA.aruXtM4kE6WXTDsrftaSBYl7pueQU9rUgkMkwZNqqac%26dib_tag%3Dse%26keywords%3Dshoe%26pd_rd_i%3DB099FG81HD%26pd_rd_r%3Dc4f96398-ece3-4c5a-96a2-c69193b2202d%26pd_rd_w%3DDZmA5%26pd_rd_wg%3DrQw7Z%26pf_rd_p%3Da83da621-77e7-4296-a3f4-89ab1b9d499e%26pf_rd_r%3DCVYTDNGCHGEGZNJRZCBK%26qid%3D1713166441%26sbo%3DRZvfv%252F%252FHxDF%252BO5021pAnSA%253D%253D%26sr%3D1-3-2907eac4-8056-42c7-8014-fdf7bd4c5395-spons%26sp_csd%3Dd2lkZ2V0TmFtZT1zcF9zZWFyY2hfdGhlbWF0aWM%26psc%3D1
Mens Syrus Running Shoe,4.0 out of 5 stars,4134,1257.0,https://www.amazon.in/sspa/click?ie=UTF8&spc=MTo3MDM1NjE4NjM4MzgyMTA1OjE3MTMxNjY0NDI6c3Bfc2VhcmNoX3RoZW1hdGljOjMwMDE0MzAxODIyODEzMjo6Mzo6&url=%2FCampus-Syrus-MODBLU-BLU-Running-Shoes%2Fdp%2FB08F3L67RK%2Fref%3Dsxbs_pa_sp_search_thematic_sspa%3Fcontent-id%3Damzn1.sym.a83da621-77e7-4296-a3f4-89ab1b9d499e%253Aamzn1.sym.a83da621-77e7-4296-a3f4-89ab1b9d499e%26cv_ct_cx%3Dshoe%26dib%3DeyJ2IjoiMSJ9.kKUlg2Hx6wYIKs_0YwqB5VaOsjLrLlqdO4rCnB-wVJyEcjq65uKsUJC3bb379zdZt0R8sSKMmi8tDT_KUZ2xfA.aruXtM4kE6WXTDsrftaSBYl7pueQU9rUgkMkwZNqqac%26dib_tag%3Dse%26keywords%3Dshoe%26pd_rd_i%3DB08F3L67RK%26pd_rd_r%3Dc4f96398-ece3-4c5a-96a2-c69193b2202d%26pd_rd_w%3DDZmA5%26pd_rd_wg%3DrQw7Z%26pf_rd_p%3Da83da621-77e7-4296-a3f4-89ab1b9d499e%26pf_rd_r%3DCVYTDNGCHGEGZNJRZCBK%26qid%3D1713166441%26sbo%3DRZvfv%252F%252FHxDF%252BO5021pAnSA%253D%253D%26sr%3D1-4-2907eac4-8056-42c7-8014-fdf7bd4c5395-spons%26sp_csd%3Dd2lkZ2V0TmFtZT1zcF9zZWFyY2hfdGhlbWF0aWM%26psc%3D1
Mens Rodeo ProRunning Shoe,4.0 out of 5 stars,3350,654.0,https://www.amazon.in/sspa/click?ie=UTF8&spc=MTo3MDM1NjE4NjM4MzgyMTA1OjE3MTMxNjY0NDI6c3Bfc2VhcmNoX3RoZW1hdGljOjMwMDAyNzIyNzY3MjUzMjo6NDo6&url=%2FCampus-Rodeo-PRO-Running-Shoes%2Fdp%2FB09RPF239T%2Fref%3Dsxbs_pa_sp_search_thematic_sspa%3Fcontent-id%3Damzn1.sym.a83da621-77e7-4296-a3f4-89ab1b9d499e%253Aamzn1.sym.a83da621-77e7-4296-a3f4-89ab1b9d499e%26cv_ct_cx%3Dshoe%26dib%3DeyJ2IjoiMSJ9.kKUlg2Hx6wYIKs_0YwqB5VaOsjLrLlqdO4rCnB-wVJyEcjq65uKsUJC3bb379zdZt0R8sSKMmi8tDT_KUZ2xfA.aruXtM4kE6WXTDsrftaSBYl7pueQU9rUgkMkwZNqqac%26dib_tag%3Dse%26keywords%3Dshoe%26pd_rd_i%3DB09RPF239T%26pd_rd_r%3Dc4f96398-ece3-4c5a-96a2-c69193b2202d%26pd_rd_w%3DDZmA5%26pd_rd_wg%3DrQw7Z%26pf_rd_p%3Da83da621-77e7-4296-a3f4-89ab1b9d499e%26pf_rd_r%3DCVYTDNGCHGEGZNJRZCBK%26qid%3D1713166441%26sbo%3DRZvfv%252F%252FHxDF%252BO5021pAnSA%253D%253D%26sr%3D1-5-2907eac4-8056-42c7-8014-fdf7bd4c5395-spons%26sp_csd%3Dd2lkZ2V0TmFtZT1zcF9zZWFyY2hfdGhlbWF0aWM%26psc%3D1
